id=1;status_pedido=1;cliente_nome=;cliente_cpf=0;cliente_telefone=;cliente_email=;evento_nome=;evento_data=12/12/2020 00:00:00;evento_hora=12/12/2019 14:19:00;evento_observacoes=;
id=2;status_pedido=1;cliente_nome=Thiago;cliente_cpf=12345678900;cliente_telefone=11912345678;cliente_email=thiago@email.com;evento_nome=;evento_data=20/12/2020 00:00:00;evento_hora=12/12/2019 14:23:00;evento_observacoes=;
id=3;status_pedido=2;cliente_nome=Thiago;cliente_cpf=12345678900;cliente_telefone=11912345678;cliente_email=thiago@email.com;evento_nome=Evento Top III;evento_data=12/12/2020 00:00:00;evento_hora=12/12/2019 14:27:00;evento_observacoes=Nenhuma;
id=4;status_pedido=2;cliente_nome=Ademir;cliente_cpf=12345678918;cliente_telefone=11942103697;cliente_email=admin@email.com;evento_nome=Topezão;evento_data=13/12/2020 00:00:00;evento_hora=13/12/2019 08:09:00;evento_observacoes=Nenhuma;
id=5;status_pedido=2;cliente_nome=Thiago;cliente_cpf=12345678900;cliente_telefone=11912345678;cliente_email=thiago@email.com;evento_nome=Evento do Thiago;evento_data=13/12/2020 00:00:00;evento_hora=13/12/2019 08:17:00;evento_observacoes=Nenhuma;
id=6;status_pedido=1;cliente_nome=Thiago;cliente_cpf=12345678900;cliente_telefone=11912345678;cliente_email=thiago@email.com;evento_nome=Evento do Thiago III;evento_data=13/12/2020 00:00:00;evento_hora=13/12/2019 08:27:00;evento_observacoes=Quero Beber;
id=7;status_pedido=1;cliente_nome=Thiago;cliente_cpf=12345678900;cliente_telefone=11912345678;cliente_email=thiago@email.com;evento_nome=Evento do Thiago IV;evento_data=01/03/2020 00:00:00;evento_hora=13/12/2019 23:00:00;evento_observacoes=Quero Beber;
id=8;status_pedido=2;cliente_nome=Thiago;cliente_cpf=12345678900;cliente_telefone=11912345678;cliente_email=thiago@email.com;evento_nome=Evento do Thiago V;evento_data=01/03/2020 00:00:00;evento_hora=13/12/2019 14:00:00;evento_observacoes=Quero Beber;
id=9;status_pedido=1;cliente_nome=Thiago;cliente_cpf=12345678900;cliente_telefone=11912345678;cliente_email=thiago@email.com;evento_nome=Evento do Thiago VII;evento_data=01/03/2020 00:00:00;evento_hora=13/12/2019 16:00:00;evento_observacoes=Quero sucesso;
id=10;status_pedido=1;cliente_nome=Thiago;cliente_cpf=12345678900;cliente_telefone=11912345678;cliente_email=thiago@email.com;evento_nome=Evento Top;evento_data=03/03/2020 00:00:00;evento_hora=13/12/2019 23:02:00;evento_observacoes=nope;
id=11;status_pedido=1;cliente_nome=Ademir;cliente_cpf=12345678918;cliente_telefone=11942103697;cliente_email=admin@email.com;evento_nome=SFS;evento_data=25/06/2020 00:00:00;evento_hora=13/12/2019 21:04:00;evento_observacoes=NIOPE;
id=12;status_pedido=2;cliente_nome=Ademir;cliente_cpf=12345678918;cliente_telefone=11942103697;cliente_email=admin@email.com;evento_nome=GSDGFSH;evento_data=31/03/4000 00:00:00;evento_hora=13/12/2019 23:02:00;evento_observacoes=nope;
id=13;status_pedido=1;cliente_nome=Thiago;cliente_cpf=12345678900;cliente_telefone=11912345678;cliente_email=thiago@email.com;evento_nome=Evento do Marcos;evento_data=23/04/2020 00:00:00;evento_hora=13/12/2019 19:00:00;evento_observacoes=Festão;
id=14;status_pedido=0;cliente_nome=Thiago;cliente_cpf=12345678900;cliente_telefone=11912345678;cliente_email=thiago@email.com;evento_nome=Casamento do Allan;evento_data=26/03/2020 00:00:00;evento_hora=13/12/2019 20:00:00;evento_observacoes=Nenhume;
